{
	"top-bar": false,
	"header_full_width": true,
	"sricky_footer": false,
	"header": "simple",
	"primary-color": "#1e73be",
	"header_search": "disable",
	"header_wishlist": false,
	"right_column_width": 0,
	"shopping_cart": "disable",
	"menu_align": "right",
	"text-font": {
		"font-family": "Lato",
		"google": true
	},
	"primary-font": {
		"font-family": "Roboto",
		"google": true
	},
	"post-titles-font": {
		"font-family": "Roboto",
		"google": true
	},
	"navigation-font": {
		"font-family": "Roboto",
		"google": true,
		"font-weight": 500
	}
}