<?xml version="1.0" encoding="UTF-8" ?>
<!-- This is a WordPress eXtended RSS file generated by WordPress as an export of your site. -->
<!-- It contains information about your site's posts, pages, comments, categories, and other content. -->
<!-- You may use this file to transfer that content from one site to another. -->
<!-- This file is not intended to serve as a complete backup of your site. -->

<!-- To import this information into a WordPress site follow these steps: -->
<!-- 1. Log in to that site as an administrator. -->
<!-- 2. Go to Tools: Import in the WordPress admin panel. -->
<!-- 3. Install the "WordPress" importer from the list. -->
<!-- 4. Activate & Run Importer. -->
<!-- 5. Upload this file using the form provided on that page. -->
<!-- 6. You will first be asked to map the authors in this export file to users -->
<!--    on the site. For each author, you may choose to map to an -->
<!--    existing user on the site or to create a new user. -->
<!-- 7. WordPress will then import each of the posts, pages, comments, categories, etc. -->
<!--    contained in this file into your site. -->

<!-- generator="WordPress/4.7.2" created="2017-01-29 13:07" -->
<rss version="2.0"
	xmlns:excerpt="http://wordpress.org/export/1.2/excerpt/"
	xmlns:content="http://purl.org/rss/1.0/modules/content/"
	xmlns:wfw="http://wellformedweb.org/CommentAPI/"
	xmlns:dc="http://purl.org/dc/elements/1.1/"
	xmlns:wp="http://wordpress.org/export/1.2/"
>

<channel>
	<title>Versions import</title>
	<link>http://dummy.xtemos.com/basel/vers</link>
	<description>Just another Basel Dummy Sites site</description>
	<pubDate>Sun, 29 Jan 2017 13:07:32 +0000</pubDate>
	<language>en-US</language>
	<wp:wxr_version>1.2</wp:wxr_version>
	<wp:base_site_url>http://dummy.xtemos.com/basel/</wp:base_site_url>
	<wp:base_blog_url>http://dummy.xtemos.com/basel/vers</wp:base_blog_url>

	<wp:author><wp:author_id>1</wp:author_id><wp:author_login>admin</wp:author_login><wp:author_email>ad.ad@ad.ad</wp:author_email><wp:author_display_name><![CDATA[admin]]></wp:author_display_name><wp:author_first_name><![CDATA[]]></wp:author_first_name><wp:author_last_name><![CDATA[]]></wp:author_last_name></wp:author>


	<generator>https://wordpress.org/?v=4.7.2</generator>

	<item>
		<title>logo-4</title>
		<link>http://dummy.xtemos.com/basel/vers/home-base/logo-4/</link>
		<pubDate>Mon, 23 Jan 2017 13:04:57 +0000</pubDate>
		<dc:creator><![CDATA[admin]]></dc:creator>
		<guid isPermaLink="false">http://dummy.xtemos.com/basel/vers/wp-content/uploads/sites/3/2017/01/logo-4.png</guid>
		<description></description>
		<content:encoded><![CDATA[]]></content:encoded>
		<excerpt:encoded><![CDATA[]]></excerpt:encoded>
		<wp:post_id>106</wp:post_id>
		<wp:post_date>2017-01-23 13:04:57</wp:post_date>
		<wp:post_date_gmt>2017-01-23 13:04:57</wp:post_date_gmt>
		<wp:comment_status>open</wp:comment_status>
		<wp:ping_status>closed</wp:ping_status>
		<wp:post_name>logo-4</wp:post_name>
		<wp:status>inherit</wp:status>
		<wp:post_parent>268</wp:post_parent>
		<wp:menu_order>0</wp:menu_order>
		<wp:post_type>attachment</wp:post_type>
		<wp:post_password></wp:post_password>
		<wp:is_sticky>0</wp:is_sticky>
		<wp:attachment_url>http://dummy.xtemos.com/basel/vers/wp-content/uploads/sites/3/2017/01/logo-4.png</wp:attachment_url>
		<wp:postmeta>
			<wp:meta_key>_wp_attached_file</wp:meta_key>
			<wp:meta_value><![CDATA[2017/01/logo-4.png]]></wp:meta_value>
		</wp:postmeta>
	</item>
	<item>
		<title>logo-5</title>
		<link>http://dummy.xtemos.com/basel/vers/home-base/logo-5/</link>
		<pubDate>Mon, 23 Jan 2017 13:04:58 +0000</pubDate>
		<dc:creator><![CDATA[admin]]></dc:creator>
		<guid isPermaLink="false">http://dummy.xtemos.com/basel/vers/wp-content/uploads/sites/3/2017/01/logo-5.png</guid>
		<description></description>
		<content:encoded><![CDATA[]]></content:encoded>
		<excerpt:encoded><![CDATA[]]></excerpt:encoded>
		<wp:post_id>107</wp:post_id>
		<wp:post_date>2017-01-23 13:04:58</wp:post_date>
		<wp:post_date_gmt>2017-01-23 13:04:58</wp:post_date_gmt>
		<wp:comment_status>open</wp:comment_status>
		<wp:ping_status>closed</wp:ping_status>
		<wp:post_name>logo-5</wp:post_name>
		<wp:status>inherit</wp:status>
		<wp:post_parent>268</wp:post_parent>
		<wp:menu_order>0</wp:menu_order>
		<wp:post_type>attachment</wp:post_type>
		<wp:post_password></wp:post_password>
		<wp:is_sticky>0</wp:is_sticky>
		<wp:attachment_url>http://dummy.xtemos.com/basel/vers/wp-content/uploads/sites/3/2017/01/logo-5.png</wp:attachment_url>
		<wp:postmeta>
			<wp:meta_key>_wp_attached_file</wp:meta_key>
			<wp:meta_value><![CDATA[2017/01/logo-5.png]]></wp:meta_value>
		</wp:postmeta>
	</item>
	<item>
		<title>logo-6</title>
		<link>http://dummy.xtemos.com/basel/vers/home-base/logo-6/</link>
		<pubDate>Mon, 23 Jan 2017 13:04:58 +0000</pubDate>
		<dc:creator><![CDATA[admin]]></dc:creator>
		<guid isPermaLink="false">http://dummy.xtemos.com/basel/vers/wp-content/uploads/sites/3/2017/01/logo-6.png</guid>
		<description></description>
		<content:encoded><![CDATA[]]></content:encoded>
		<excerpt:encoded><![CDATA[]]></excerpt:encoded>
		<wp:post_id>108</wp:post_id>
		<wp:post_date>2017-01-23 13:04:58</wp:post_date>
		<wp:post_date_gmt>2017-01-23 13:04:58</wp:post_date_gmt>
		<wp:comment_status>open</wp:comment_status>
		<wp:ping_status>closed</wp:ping_status>
		<wp:post_name>logo-6</wp:post_name>
		<wp:status>inherit</wp:status>
		<wp:post_parent>268</wp:post_parent>
		<wp:menu_order>0</wp:menu_order>
		<wp:post_type>attachment</wp:post_type>
		<wp:post_password></wp:post_password>
		<wp:is_sticky>0</wp:is_sticky>
		<wp:attachment_url>http://dummy.xtemos.com/basel/vers/wp-content/uploads/sites/3/2017/01/logo-6.png</wp:attachment_url>
		<wp:postmeta>
			<wp:meta_key>_wp_attached_file</wp:meta_key>
			<wp:meta_value><![CDATA[2017/01/logo-6.png]]></wp:meta_value>
		</wp:postmeta>
	</item>
	<item>
		<title>dummy-brand-1</title>
		<link>http://dummy.xtemos.com/basel/vers/home-base/dummy-brand-1/</link>
		<pubDate>Mon, 23 Jan 2017 13:04:59 +0000</pubDate>
		<dc:creator><![CDATA[admin]]></dc:creator>
		<guid isPermaLink="false">http://dummy.xtemos.com/basel/vers/wp-content/uploads/sites/3/2017/01/dummy-brand-1.png</guid>
		<description></description>
		<content:encoded><![CDATA[]]></content:encoded>
		<excerpt:encoded><![CDATA[]]></excerpt:encoded>
		<wp:post_id>109</wp:post_id>
		<wp:post_date>2017-01-23 13:04:59</wp:post_date>
		<wp:post_date_gmt>2017-01-23 13:04:59</wp:post_date_gmt>
		<wp:comment_status>open</wp:comment_status>
		<wp:ping_status>closed</wp:ping_status>
		<wp:post_name>dummy-brand-1</wp:post_name>
		<wp:status>inherit</wp:status>
		<wp:post_parent>268</wp:post_parent>
		<wp:menu_order>0</wp:menu_order>
		<wp:post_type>attachment</wp:post_type>
		<wp:post_password></wp:post_password>
		<wp:is_sticky>0</wp:is_sticky>
		<wp:attachment_url>http://dummy.xtemos.com/basel/vers/wp-content/uploads/sites/3/2017/01/dummy-brand-1.png</wp:attachment_url>
		<wp:postmeta>
			<wp:meta_key>_wp_attached_file</wp:meta_key>
			<wp:meta_value><![CDATA[2017/01/dummy-brand-1.png]]></wp:meta_value>
		</wp:postmeta>
	</item>
	<item>
		<title>dummy-brand-2</title>
		<link>http://dummy.xtemos.com/basel/vers/home-base/dummy-brand-2/</link>
		<pubDate>Mon, 23 Jan 2017 13:05:01 +0000</pubDate>
		<dc:creator><![CDATA[admin]]></dc:creator>
		<guid isPermaLink="false">http://dummy.xtemos.com/basel/vers/wp-content/uploads/sites/3/2017/01/dummy-brand-2.png</guid>
		<description></description>
		<content:encoded><![CDATA[]]></content:encoded>
		<excerpt:encoded><![CDATA[]]></excerpt:encoded>
		<wp:post_id>110</wp:post_id>
		<wp:post_date>2017-01-23 13:05:01</wp:post_date>
		<wp:post_date_gmt>2017-01-23 13:05:01</wp:post_date_gmt>
		<wp:comment_status>open</wp:comment_status>
		<wp:ping_status>closed</wp:ping_status>
		<wp:post_name>dummy-brand-2</wp:post_name>
		<wp:status>inherit</wp:status>
		<wp:post_parent>268</wp:post_parent>
		<wp:menu_order>0</wp:menu_order>
		<wp:post_type>attachment</wp:post_type>
		<wp:post_password></wp:post_password>
		<wp:is_sticky>0</wp:is_sticky>
		<wp:attachment_url>http://dummy.xtemos.com/basel/vers/wp-content/uploads/sites/3/2017/01/dummy-brand-2.png</wp:attachment_url>
		<wp:postmeta>
			<wp:meta_key>_wp_attached_file</wp:meta_key>
			<wp:meta_value><![CDATA[2017/01/dummy-brand-2.png]]></wp:meta_value>
		</wp:postmeta>
	</item>
	<item>
		<title>dummy-brand-3</title>
		<link>http://dummy.xtemos.com/basel/vers/home-base/dummy-brand-3/</link>
		<pubDate>Mon, 23 Jan 2017 13:05:02 +0000</pubDate>
		<dc:creator><![CDATA[admin]]></dc:creator>
		<guid isPermaLink="false">http://dummy.xtemos.com/basel/vers/wp-content/uploads/sites/3/2017/01/dummy-brand-3.png</guid>
		<description></description>
		<content:encoded><![CDATA[]]></content:encoded>
		<excerpt:encoded><![CDATA[]]></excerpt:encoded>
		<wp:post_id>111</wp:post_id>
		<wp:post_date>2017-01-23 13:05:02</wp:post_date>
		<wp:post_date_gmt>2017-01-23 13:05:02</wp:post_date_gmt>
		<wp:comment_status>open</wp:comment_status>
		<wp:ping_status>closed</wp:ping_status>
		<wp:post_name>dummy-brand-3</wp:post_name>
		<wp:status>inherit</wp:status>
		<wp:post_parent>268</wp:post_parent>
		<wp:menu_order>0</wp:menu_order>
		<wp:post_type>attachment</wp:post_type>
		<wp:post_password></wp:post_password>
		<wp:is_sticky>0</wp:is_sticky>
		<wp:attachment_url>http://dummy.xtemos.com/basel/vers/wp-content/uploads/sites/3/2017/01/dummy-brand-3.png</wp:attachment_url>
		<wp:postmeta>
			<wp:meta_key>_wp_attached_file</wp:meta_key>
			<wp:meta_value><![CDATA[2017/01/dummy-brand-3.png]]></wp:meta_value>
		</wp:postmeta>
	</item>
	<item>
		<title>portfolio-placeholder</title>
		<link>http://dummy.xtemos.com/basel/vers/portfolio/a-fusce-fringilla-scelerisque/portfolio-placeholder/</link>
		<pubDate>Mon, 23 Jan 2017 14:10:43 +0000</pubDate>
		<dc:creator><![CDATA[admin]]></dc:creator>
		<guid isPermaLink="false">http://dummy.xtemos.com/basel/vers/wp-content/uploads/sites/3/2017/01/portfolio-placeholder.jpg</guid>
		<description></description>
		<content:encoded><![CDATA[]]></content:encoded>
		<excerpt:encoded><![CDATA[]]></excerpt:encoded>
		<wp:post_id>126</wp:post_id>
		<wp:post_date>2017-01-23 14:10:43</wp:post_date>
		<wp:post_date_gmt>2017-01-23 14:10:43</wp:post_date_gmt>
		<wp:comment_status>open</wp:comment_status>
		<wp:ping_status>closed</wp:ping_status>
		<wp:post_name>portfolio-placeholder</wp:post_name>
		<wp:status>inherit</wp:status>
		<wp:post_parent>122</wp:post_parent>
		<wp:menu_order>0</wp:menu_order>
		<wp:post_type>attachment</wp:post_type>
		<wp:post_password></wp:post_password>
		<wp:is_sticky>0</wp:is_sticky>
		<wp:attachment_url>http://dummy.xtemos.com/basel/vers/wp-content/uploads/sites/3/2017/01/portfolio-placeholder.jpg</wp:attachment_url>
		<wp:postmeta>
			<wp:meta_key>_wp_attached_file</wp:meta_key>
			<wp:meta_value><![CDATA[2017/01/portfolio-placeholder.jpg]]></wp:meta_value>
		</wp:postmeta>
	</item>
	<item>
		<title>basel-logo</title>
		<link>http://dummy.xtemos.com/basel/vers/home-base/basel-logo/</link>
		<pubDate>Tue, 24 Jan 2017 06:57:34 +0000</pubDate>
		<dc:creator><![CDATA[admin]]></dc:creator>
		<guid isPermaLink="false">http://dummy.xtemos.com/basel/vers/wp-content/uploads/sites/3/2017/01/basel-logo.png</guid>
		<description></description>
		<content:encoded><![CDATA[]]></content:encoded>
		<excerpt:encoded><![CDATA[]]></excerpt:encoded>
		<wp:post_id>142</wp:post_id>
		<wp:post_date>2017-01-24 06:57:34</wp:post_date>
		<wp:post_date_gmt>2017-01-24 06:57:34</wp:post_date_gmt>
		<wp:comment_status>open</wp:comment_status>
		<wp:ping_status>closed</wp:ping_status>
		<wp:post_name>basel-logo</wp:post_name>
		<wp:status>inherit</wp:status>
		<wp:post_parent>268</wp:post_parent>
		<wp:menu_order>0</wp:menu_order>
		<wp:post_type>attachment</wp:post_type>
		<wp:post_password></wp:post_password>
		<wp:is_sticky>0</wp:is_sticky>
		<wp:attachment_url>http://dummy.xtemos.com/basel/vers/wp-content/uploads/sites/3/2017/01/basel-logo.png</wp:attachment_url>
		<wp:postmeta>
			<wp:meta_key>_wp_attached_file</wp:meta_key>
			<wp:meta_value><![CDATA[2017/01/basel-logo.png]]></wp:meta_value>
		</wp:postmeta>
	</item>
	<item>
		<title>Home lingerie</title>
		<link>http://dummy.xtemos.com/basel/vers/home-lingerie/</link>
		<pubDate>Sun, 29 Jan 2017 12:34:17 +0000</pubDate>
		<dc:creator><![CDATA[admin]]></dc:creator>
		<guid isPermaLink="false">http://dummy.xtemos.com/basel/vers/?page_id=386</guid>
		<description></description>
		<content:encoded><![CDATA[[vc_row css=".vc_custom_1463421437417{margin-top: -40px !important;margin-bottom: 0px !important;}"][vc_column][rev_slider_vc alias="lingerie"][/vc_column][/vc_row][vc_row css=".vc_custom_1485003746685{margin-bottom: 4vh !important;}"][vc_column width="1/3" css=".vc_custom_1575474643826{margin-top: -40px !important;}" el_class="z-index-h"][promo_banner image="126" alignment="center" vertical_alignment="middle" hover="4" style="2" basel_color_scheme="light" img_size="600x400" link="http://dummy.xtemos.com/basel/vers/shop/"]
<h1 style="margin-bottom: 0px;"><strong>HOT BIKINIS</strong></h1>
[/promo_banner][/vc_column][vc_column width="1/3" css=".vc_custom_1575474647769{margin-top: -40px !important;}" el_class="z-index-h"][promo_banner image="126" alignment="center" vertical_alignment="middle" hover="4" style="2" basel_color_scheme="light" img_size="600x400" link="http://dummy.xtemos.com/basel/vers/shop/"]
<h1 style="margin-bottom: 0px;"><strong>SEXY SWIMSUITS</strong></h1>
[/promo_banner][/vc_column][vc_column width="1/3" css=".vc_custom_1575474651193{margin-top: -40px !important;}" el_class="z-index-h"][promo_banner image="126" alignment="center" vertical_alignment="middle" hover="4" style="2" basel_color_scheme="light" img_size="600x400" link="http://dummy.xtemos.com/basel/vers/shop/"]
<h1 style="margin-bottom: 0px;"><strong>BENCH CLOTHING</strong></h1>
[/promo_banner][/vc_column][/vc_row][vc_row css=".vc_custom_1485004384166{margin-bottom: 4vh !important;}"][vc_column][basel_gallery images="106,107,108,109,110,111" view="carousel" spacing="0" slides_per_view="6" hide_pagination_control="yes" hide_prev_next_buttons="yes" caption="" lightbox="" img_size="full"][/vc_column][/vc_row][vc_row css=".vc_custom_1485003977241{margin-bottom: 8vh !important;}"][vc_column][basel_title style="cross" title="<strong>FEATURED PRODUCTS</strong>" subtitle="MADE THE HARD WAY"][basel_products items_per_page="8" columns="4" taxonomies="115"][/vc_column][/vc_row][vc_row full_width="stretch_row_content_no_spaces" equal_height="yes" content_placement="middle" css=".vc_custom_1505547948154{background-color: rgba(3,170,223,0.06) !important;background-position: center !important;background-repeat: no-repeat !important;background-size: cover !important;*background-color: rgb(3,170,223) !important;}"][vc_column width="1/2" css=".vc_custom_1463299087251{margin-bottom: 0px !important;padding-top: 0px !important;padding-bottom: 0px !important;}"][promo_banner image="126" alignment="center" vertical_alignment="middle" hover="4" style="2" img_size="950x800" link="http://dummy.xtemos.com/basel/vers/shop/"]
<h1 class="font-alt color-primary" style="font-family: Satisfy; font-size: 50px; margin-bottom: 0;">Read more about
our lingerie store.</h1>
[/promo_banner][/vc_column][vc_column width="1/2" css=".vc_custom_1463303515418{margin-top: 20px !important;margin-right: 20px !important;margin-bottom: 20px !important;margin-left: 20px !important;padding-top: 40px !important;padding-bottom: 40px !important;background-color: #ffffff !important;}" el_class="text-center"][vc_single_image image="142" img_size="full" alignment="center" css=".vc_custom_1485694886530{margin-top: -15px !important;margin-bottom: 0px !important;}"][vc_column_text css=".vc_custom_1453811270907{margin-bottom: 10px !important;}"]
<p style="color: #676767; font-size: 14px; letter-spacing: 1.5px;">MINIMALISTIC AJAX E-COMMERCE THEME</p>

[/vc_column_text][vc_column_text css=".vc_custom_1463301042471{margin-bottom: 25px !important;padding-right: 40px !important;padding-left: 40px !important;}"]
<p style="margin: 0 auto 20px; width: 90%; min-width: 100px;">Adipiscing dignissim euismod ad venenatis volutpat sociis feugiat purus ridiculus rhoncus nullam sodales euismod ad venenatis volutpa ridiculus.</p>

[/vc_column_text][basel_button color="black" size="small" title="PURCHASE BASEL" link="http://#"][/vc_column][/vc_row][vc_row full_width="stretch_row_content_no_spaces" equal_height="yes" content_placement="middle" css=".vc_custom_1485003478921{margin-bottom: 10vh !important;background-color: rgba(3,170,223,0.06) !important;background-position: center !important;background-repeat: no-repeat !important;background-size: cover !important;*background-color: rgb(3,170,223) !important;}"][vc_column width="1/2" css=".vc_custom_1463316745317{margin-top: 20px !important;margin-right: 20px !important;margin-bottom: 20px !important;margin-left: 20px !important;padding-top: 40px !important;padding-right: 40px !important;padding-bottom: 20px !important;padding-left: 40px !important;background-color: #ffffff !important;}" el_class="text-center"][vc_column_text css=".vc_custom_1463303106576{margin-bottom: 15px !important;}"]
<h6 style="color: #9e9e9e; margin-bottom: 5px;">NEWSLETTER WIDGET</h6>
<h1 style="margin: 0;"><strong>Join Our Newsletter</strong></h1>
[/vc_column_text][vc_column_text css=".vc_custom_1463303295351{margin-bottom: 25px !important;padding-right: 50px !important;padding-left: 50px !important;}"]
<p style="margin: 0 auto 20px; width: 90%; min-width: 100px;"><strong style="color: black;">Basel &amp; Company</strong> - is a famous worldwide fashion store dipiscing dignissim euismod ad venenatis volutpat sociis feugiat purus ridiculus.</p>

[/vc_column_text][vc_column_text css=".vc_custom_1485694850269{margin-bottom: 0px !important;}"][mc4wp_form id="173"][/vc_column_text][/vc_column][vc_column width="1/2" css=".vc_custom_1463299087251{margin-bottom: 0px !important;padding-top: 0px !important;padding-bottom: 0px !important;}"][promo_banner image="126" alignment="center" vertical_alignment="middle" hover="4" style="2" img_size="950x800" link="http://dummy.xtemos.com/basel/vers/shop/"]
<h1 class="font-alt color-primary" style="font-family: Satisfy; font-size: 42px; margin-bottom: 0;">Hey you, sign up
and connect to Basel.</h1>
[/promo_banner][/vc_column][/vc_row][vc_row css=".vc_custom_1485003575218{margin-bottom: 2vh !important;}"][vc_column css=".vc_custom_1485003445845{padding-top: 0px !important;}"][basel_title style="cross" title="<strong>BIKINI FASHION NEWS</strong>"][basel_blog items_per_page="4" blog_design="masonry" blog_columns="4" parts_title="1" parts_meta="1" parts_text="0" parts_btn="1" img_size="400x220"][/vc_column][/vc_row][vc_row full_width="stretch_row_content_no_spaces" css=".vc_custom_1463251273479{margin-bottom: -40px !important;}"][vc_column css=".vc_custom_1485003493067{padding-top: 0px !important;}"][basel_title style="cross" title="<strong>FOLLOW @INSTAGRAM</strong>"][basel_instagram size="large" per_row="6" username="abikiniaday" number="12"][/basel_instagram][/vc_column][/vc_row]]]></content:encoded>
		<excerpt:encoded><![CDATA[]]></excerpt:encoded>
		<wp:post_id>386</wp:post_id>
		<wp:post_date>2017-01-29 12:34:17</wp:post_date>
		<wp:post_date_gmt>2017-01-29 12:34:17</wp:post_date_gmt>
		<wp:comment_status>closed</wp:comment_status>
		<wp:ping_status>closed</wp:ping_status>
		<wp:post_name>home-lingerie</wp:post_name>
		<wp:status>publish</wp:status>
		<wp:post_parent>0</wp:post_parent>
		<wp:menu_order>0</wp:menu_order>
		<wp:post_type>page</wp:post_type>
		<wp:post_password></wp:post_password>
		<wp:is_sticky>0</wp:is_sticky>
		<wp:postmeta>
			<wp:meta_key>_wp_page_template</wp:meta_key>
			<wp:meta_value><![CDATA[default]]></wp:meta_value>
		</wp:postmeta>
		<wp:postmeta>
			<wp:meta_key>_wpb_shortcodes_custom_css</wp:meta_key>
			<wp:meta_value><![CDATA[.vc_custom_1463421437417{margin-top: -40px !important;margin-bottom: 0px !important;}.vc_custom_1485003746685{margin-bottom: 4vh !important;}.vc_custom_1485004384166{margin-bottom: 4vh !important;}.vc_custom_1485003977241{margin-bottom: 8vh !important;}.vc_custom_1463304047176{background: rgba(3,170,223,0.06) url(http://dev.xtemos.com/new/wp-content/uploads/2016/05/batt-bik.png?id=23530) !important;background-position: center !important;background-repeat: no-repeat !important;background-size: cover !important;*background-color: rgb(3,170,223) !important;}.vc_custom_1485003478921{margin-bottom: 10vh !important;background-color: rgba(3,170,223,0.06) !important;background-position: center !important;background-repeat: no-repeat !important;background-size: cover !important;*background-color: rgb(3,170,223) !important;}.vc_custom_1485003575218{margin-bottom: 2vh !important;}.vc_custom_1463251273479{margin-bottom: -40px !important;}.vc_custom_1463246848594{margin-top: -40px !important;}.vc_custom_1463246853194{margin-top: -40px !important;}.vc_custom_1463246865058{margin-top: -40px !important;}.vc_custom_1463299087251{margin-bottom: 0px !important;padding-top: 0px !important;padding-bottom: 0px !important;}.vc_custom_1463303515418{margin-top: 20px !important;margin-right: 20px !important;margin-bottom: 20px !important;margin-left: 20px !important;padding-top: 40px !important;padding-bottom: 40px !important;background-color: #ffffff !important;}.vc_custom_1485694886530{margin-top: -15px !important;margin-bottom: 0px !important;}.vc_custom_1453811270907{margin-bottom: 10px !important;}.vc_custom_1463301042471{margin-bottom: 25px !important;padding-right: 40px !important;padding-left: 40px !important;}.vc_custom_1463316745317{margin-top: 20px !important;margin-right: 20px !important;margin-bottom: 20px !important;margin-left: 20px !important;padding-top: 40px !important;padding-right: 40px !important;padding-bottom: 20px !important;padding-left: 40px !important;background-color: #ffffff !important;}.vc_custom_1463299087251{margin-bottom: 0px !important;padding-top: 0px !important;padding-bottom: 0px !important;}.vc_custom_1463303106576{margin-bottom: 15px !important;}.vc_custom_1463303295351{margin-bottom: 25px !important;padding-right: 50px !important;padding-left: 50px !important;}.vc_custom_1485694850269{margin-bottom: 0px !important;}.vc_custom_1485003445845{padding-top: 0px !important;}.vc_custom_1485003493067{padding-top: 0px !important;}]]></wp:meta_value>
		</wp:postmeta>
		<wp:postmeta>
			<wp:meta_key>_basel_main_layout</wp:meta_key>
			<wp:meta_value><![CDATA[full-width]]></wp:meta_value>
		</wp:postmeta>
		<wp:postmeta>
			<wp:meta_key>_basel_header_color_scheme</wp:meta_key>
			<wp:meta_value><![CDATA[inherit]]></wp:meta_value>
		</wp:postmeta>
		<wp:postmeta>
			<wp:meta_key>_basel_title_off</wp:meta_key>
			<wp:meta_value><![CDATA[on]]></wp:meta_value>
		</wp:postmeta>
		<wp:postmeta>
			<wp:meta_key>_basel_title_image_id</wp:meta_key>
			<wp:meta_value><![CDATA[0]]></wp:meta_value>
		</wp:postmeta>
		<wp:postmeta>
			<wp:meta_key>_wpb_post_custom_css</wp:meta_key>
			<wp:meta_value><![CDATA[.promo-banner {
    margin-bottom:0;
}]]></wp:meta_value>
		</wp:postmeta>
	</item>
</channel>
</rss>
